cid,iupac_name,smiles_canonical,molecular_formula,hydrogen_bond_acceptors,hydrogen_bond_donors,rotatable_bonds,log_p,molecular_weight,heavy_atom_count,polar_surface_area,atom_surface_coefficient,no_lipinski_violations,actividad_predicha,probabilidad_leishmania,tanimoto_similarity,cosine_similarity,combined_75
76310486,"methyl 3-chloro-4-[[2-[6-chloro-1-[(3,5-dimethylphenyl)methyl]benzimidazol-2-yl]sulfanylacetyl]amino]benzoate",CC1=CC(=CC(=C1)CN2C3=C(C=CC(=C3)Cl)N=C2SCC(=O)NC4=C(C=C(C=C4)C(=O)OC)Cl)C,C26H23Cl2N3O3S,6,1,7,6.5256400000000045,527.083717956,35,73.22,0.4780114722753346,2,Alta,0.844,1.0,1.0,1.0
5909269,"2-[1-[(4-chlorophenyl)methyl]benzimidazol-2-yl]sulfanyl-N-[(Z)-(3,4-dimethoxyphenyl)methyleneamino]acetamide",COC1=C(C=C(C=C1)C=NNC(=O)CSC2=NC3=CC=CC=C3N2CC4=CC=C(C=C4)Cl)OC,C25H23ClN4O3S,7,1,9,4.997600000000004,494.117939276,34,77.74,0.4373552868536146,0,Alta,0.8,0.4186046511627907,0.8869652753132712,0.769875119275651
76317708,"2-[6-chloro-1-[(3,5-dimethylphenyl)methyl]benzimidazol-2-yl]sulfanyl-N-(2-chloro-4-methylsulfonyl-phenyl)acetamide",CC1=CC(=CC(=C1)CN2C3=C(C=CC(=C3)Cl)N=C2SCC(=O)NC4=C(C=C(C=C4)S(=O)(=O)C)Cl)C,C25H23Cl2N3O3S2,6,1,7,6.142540000000004,547.055788956,35,81.06,0.4317789291882556,2,Media,0.782,0.7391304347826086,0.9936770016393476,0.9300403599251628
9663583,"2-[1-[(4-chlorophenyl)methyl]benzimidazol-2-yl]sulfanyl-N-[(E)-(3,4-dichlorophenyl)methyleneamino]acetamide",C1=CC=C2C(=C1)N=C(N2CC3=CC=C(C=C3)Cl)SCC(=O)NN=CC4=CC(=C(C=C4)Cl)Cl,C23H17Cl3N4OS,5,1,7,6.287200000000003,502.01886520400006,32,59.28,0.5398110661268556,2,Media,0.782,0.4096385542168674,0.9782521400789091,0.8360987436133989
9594518,N-[(E)-(5-bromo-2-fluoro-phenyl)methyleneamino]-2-[1-[(4-chlorophenyl)methyl]benzimidazol-2-yl]sulfanyl-acetamide,C1=CC=C2C(=C1)N=C(N2CC3=CC=C(C=C3)Cl)SCC(=O)NN=CC4=C(C=CC(=C4)Br)F,C23H17BrClFN4OS,5,1,7,5.882000000000002,529.997900164,32,59.28,0.5398110661268556,2,Media,0.782,0.3908045977011494,0.9703865195527605,0.8254910390898578
9675714,2-[1-[(4-chlorophenyl)methyl]benzimidazol-2-yl]sulfanyl-N-[(E)-4-pyridylmethyleneamino]acetamide,C1=CC=C2C(=C1)N=C(N2CC3=CC=C(C=C3)Cl)SCC(=O)NN=CC4=CC=NC=C4,C22H18ClN5OS,6,1,7,4.375400000000003,435.09205887600007,30,72.17,0.4156851877511431,0,Media,0.78,0.3855421686746988,0.8345890576907218,0.722327335436716
9631845,N-[(E)-(4-bromophenyl)methyleneamino]-2-[1-[(4-chlorophenyl)methyl]benzimidazol-2-yl]sulfanyl-acetamide,C1=CC=C2C(=C1)N=C(N2CC3=CC=C(C=C3)Cl)SCC(=O)NN=CC4=CC=C(C=C4)Br,C23H18BrClN4OS,5,1,7,5.742900000000003,512.0073219760001,31,59.28,0.5229419703103914,2,Media,0.78,0.3809523809523809,0.9618173112427254,0.8166010786701393
9636248,N-[(E)-benzylideneamino]-2-[1-[(4-chlorophenyl)methyl]benzimidazol-2-yl]sulfanyl-acetamide,C1=CC=C(C=C1)C=NNC(=O)CSC2=NC3=CC=CC=C3N2CC4=CC=C(C=C4)Cl,C23H19ClN4OS,5,1,7,4.980400000000004,434.096809908,30,59.28,0.5060728744939271,0,Media,0.778,0.4,0.930454224629925,0.7978406684724437
9633355,2-[1-[(4-chlorophenyl)methyl]benzimidazol-2-yl]sulfanyl-N-[(E)-(2-chlorophenyl)methyleneamino]acetamide,C1=CC=C(C(=C1)C=NNC(=O)CSC2=NC3=CC=CC=C3N2CC4=CC=C(C=C4)Cl)Cl,C23H18Cl2N4OS,5,1,7,5.633800000000003,468.057837556,31,59.28,0.5229419703103914,1,Media,0.776,0.425,0.9755872324097598,0.8379404243073197
4523172,2-[1-[(4-chlorophenyl)methyl]benzimidazol-2-yl]sulfanyl-N-[(4-chlorophenyl)methyleneamino]acetamide,C1=CC=C2C(=C1)N=C(N2CC3=CC=C(C=C3)Cl)SCC(=O)NN=CC4=CC=C(C=C4)Cl,C23H18Cl2N4OS,5,1,7,5.6338000000000035,468.057837556,31,59.28,0.5229419703103914,1,Media,0.776,0.4050632911392405,0.97558723240976,0.83295624709213
9675471,2-[1-[(4-chlorophenyl)methyl]benzimidazol-2-yl]sulfanyl-N-[(E)-(4-chlorophenyl)methyleneamino]acetamide,C1=CC=C2C(=C1)N=C(N2CC3=CC=C(C=C3)Cl)SCC(=O)NN=CC4=CC=C(C=C4)Cl,C23H18Cl2N4OS,5,1,7,5.6338000000000035,468.057837556,31,59.28,0.5229419703103914,1,Media,0.776,0.4050632911392405,0.97558723240976,0.83295624709213
76314137,"2-[6-chloro-1-[(3,5-dimethylphenyl)methyl]benzimidazol-2-yl]sulfanyl-N-(2-chloro-4-methyl-phenyl)acetamide",CC1=CC(=C(C=C1)NC(=O)CSC2=NC3=C(N2CC4=CC(=CC(=C4)C)C)C=C(C=C3)Cl)Cl,C25H23Cl2N3OS,4,1,6,7.0474600000000045,483.093888716,32,46.92,0.6820119352088662,1,Media,0.774,0.8095238095238095,0.8795594204078077,0.8620505176868081
9619072,2-(1-benzylbenzimidazol-2-yl)sulfanyl-N-[(E)-3-pyridylmethyleneamino]acetamide,C1=CC=C(C=C1)CN2C3=CC=CC=C3N=C2SCC(=O)NN=CC4=CN=CC=C4,C22H19N5OS,6,1,7,3.7220000000000018,401.1310312280001,29,72.17,0.401829014826105,0,Media,0.768,0.3372093023255814,0.6288591079957004,0.5559466565781707
5515491,2-(1-benzylbenzimidazol-2-yl)sulfanyl-N-[(Z)-3-pyridylmethyleneamino]acetamide,C1=CC=C(C=C1)CN2C3=CC=CC=C3N=C2SCC(=O)NN=CC4=CN=CC=C4,C22H19N5OS,6,1,7,3.7220000000000018,401.1310312280001,29,72.17,0.401829014826105,0,Media,0.768,0.3372093023255814,0.6288591079957004,0.5559466565781707
9537561,2-[1-[(4-chlorophenyl)methyl]benzimidazol-2-yl]sulfanyl-N-[(E)-(2-fluorophenyl)methyleneamino]acetamide,C1=CC=C(C(=C1)C=NNC(=O)CSC2=NC3=CC=CC=C3N2CC4=CC=C(C=C4)Cl)F,C23H18ClFN4OS,5,1,7,5.119500000000003,452.087388096,31,59.28,0.5229419703103914,1,Media,0.762,0.3975903614457831,0.9731469323593476,0.8292577896309564
9617860,2-[1-[(4-chlorophenyl)methyl]benzimidazol-2-yl]sulfanyl-N-[(E)-(3-hydroxyphenyl)methyleneamino]acetamide,C1=CC=C2C(=C1)N=C(N2CC3=CC=C(C=C3)Cl)SCC(=O)NN=CC4=CC(=CC=C4)O,C23H19ClN4O2S,6,2,7,4.6860000000000035,450.091724528,31,79.51,0.3898880643944157,0,Media,0.758,0.4047619047619047,0.6819651170795494,0.6126643140001382
9594514,2-[1-[(4-chlorophenyl)methyl]benzimidazol-2-yl]sulfanyl-N-[(E)-(5-methyl-2-thienyl)methyleneamino]acetamide,CC1=CC=C(S1)C=NNC(=O)CSC2=NC3=CC=CC=C3N2CC4=CC=C(C=C4)Cl,C22H19ClN4OS2,6,1,7,5.3503200000000035,454.068880908,30,59.28,0.5060728744939271,1,Media,0.754,0.4047619047619047,0.9081747519865564,0.7823215401803933
9662701,N-[(E)-(5-bromo-2-thienyl)methyleneamino]-2-[1-[(4-chlorophenyl)methyl]benzimidazol-2-yl]sulfanyl-acetamide,C1=CC=C2C(=C1)N=C(N2CC3=CC=C(C=C3)Cl)SCC(=O)NN=CC4=CC=C(S4)Br,C21H16BrClN4OS2,6,1,7,5.804400000000002,517.963742912,30,59.28,0.5060728744939271,2,Media,0.746,0.3720930232558139,0.919871856664768,0.7829271483125295
9617858,N-[(E)-(3-hydroxyphenyl)methyleneamino]-2-[1-(p-tolylmethyl)benzimidazol-2-yl]sulfanyl-acetamide,CC1=CC=C(C=C1)CN2C3=CC=CC=C3N=C2SCC(=O)NN=CC4=CC(=CC=C4)O,C24H22N4O2S,6,2,7,4.341020000000004,430.146346944,31,79.51,0.3898880643944157,0,Media,0.726,0.4,0.6302611917721419,0.5726958938291065
9638289,N-[(E)-(2-fluorophenyl)methyleneamino]-2-[1-(p-tolylmethyl)benzimidazol-2-yl]sulfanyl-acetamide,CC1=CC=C(C=C1)CN2C3=CC=CC=C3N=C2SCC(=O)NN=CC4=CC=CC=C4F,C24H21FN4OS,5,1,7,4.774520000000003,432.142010512,31,59.28,0.5229419703103914,0,Media,0.726,0.3928571428571428,0.9483966756026878,0.8095117924163016
9629126,N-[(E)-(2-chlorophenyl)methyleneamino]-2-[1-(p-tolylmethyl)benzimidazol-2-yl]sulfanyl-acetamide,CC1=CC=C(C=C1)CN2C3=CC=CC=C3N=C2SCC(=O)NN=CC4=CC=CC=C4Cl,C24H21ClN4OS,5,1,7,5.288820000000004,448.112459972,31,59.28,0.5229419703103914,1,Media,0.72,0.4320987654320987,0.9717772985305466,0.8368576652559347
9634245,"N-[(E)-(2,3-dichlorophenyl)methyleneamino]-2-[1-(p-tolylmethyl)benzimidazol-2-yl]sulfanyl-acetamide",CC1=CC=C(C=C1)CN2C3=CC=CC=C3N=C2SCC(=O)NN=CC4=C(C(=CC=C4)Cl)Cl,C24H20Cl2N4OS,5,1,7,5.942220000000003,482.07348762,32,59.28,0.5398110661268556,1,Media,0.702,0.4166666666666667,0.986765500107533,0.8442407917473164
76325013,"methyl 3-chloro-4-[[2-[1-[(3,5-dimethylphenyl)methyl]benzimidazol-2-yl]sulfanylacetyl]amino]benzoate",CC1=CC(=CC(=C1)CN2C3=CC=CC=C3N=C2SCC(=O)NC4=C(C=C(C=C4)C(=O)OC)Cl)C,C26H24ClN3O3S,6,1,7,5.872240000000005,493.1226903079999,34,73.22,0.4643540016388965,1,Media,0.68,0.8307692307692308,0.9936776262105244,0.9529505273502012
76332262,"2-[6-chloro-1-[(3,5-dimethylphenyl)methyl]benzimidazol-2-yl]sulfanyl-N-(2-chloro-4-sulfamoyl-phenyl)acetamide",CC1=CC(=CC(=C1)CN2C3=C(C=CC(=C3)Cl)N=C2SCC(=O)NC4=C(C=C(C=C4)S(=O)(=O)N)Cl)C,C24H22Cl2N4O3S2,6,2,7,5.386440000000004,548.0510379240001,35,107.08,0.326858423608517,2,Media,0.676,0.7285714285714285,0.8400045274076009,0.8121462526985579
76328588,"N-(2-chloro-4-methylsulfonyl-phenyl)-2-[1-[(3,5-dimethylphenyl)methyl]benzimidazol-2-yl]sulfanyl-acetamide",CC1=CC(=CC(=C1)CN2C3=CC=CC=C3N=C2SCC(=O)NC4=C(C=C(C=C4)S(=O)(=O)C)Cl)C,C25H24ClN3O3S2,6,1,7,5.489140000000004,513.094761308,34,81.06,0.4194423883543054,2,Media,0.672,0.6081081081081081,0.9830838353596916,0.8893399035467957
9619084,N-[(E)-(3-methyl-2-thienyl)methyleneamino]-2-[1-(p-tolylmethyl)benzimidazol-2-yl]sulfanyl-acetamide,CC1=CC=C(C=C1)CN2C3=CC=CC=C3N=C2SCC(=O)NN=CC4=C(C=CS4)C,C23H22N4OS2,6,1,7,5.005340000000004,434.123503324,30,59.28,0.5060728744939271,1,Media,0.668,0.367816091954023,0.8783072544507295,0.750684463826553
9634946,N-[(E)-(2-chloro-6-fluoro-phenyl)methyleneamino]-2-[1-(p-tolylmethyl)benzimidazol-2-yl]sulfanyl-acetamide,CC1=CC=C(C=C1)CN2C3=CC=CC=C3N=C2SCC(=O)NN=CC4=C(C=CC=C4Cl)F,C24H20ClFN4OS,5,1,7,5.427920000000003,466.10303816,32,59.28,0.5398110661268556,1,Media,0.662,0.3908045977011494,0.9896798271054116,0.839961019754346
76314136,"N-(2-chloro-4-methyl-phenyl)-2-[1-[(3,5-dimethylphenyl)methyl]benzimidazol-2-yl]sulfanyl-acetamide",CC1=CC(=C(C=C1)NC(=O)CSC2=NC3=CC=CC=C3N2CC4=CC(=CC(=C4)C)C)Cl,C25H24ClN3OS,4,1,6,6.394060000000004,449.132861068,31,46.92,0.6606990622335891,1,Media,0.646,0.6617647058823529,0.8747499496890054,0.8215036387373423
46347525,N-(p-tolyl)-2-[1-(3-pyridylmethyl)benzimidazol-2-yl]sulfanyl-acetamide,CC1=CC=C(C=C1)NC(=O)CSC2=NC3=CC=CC=C3N2CC4=CN=CC=C4,C22H20N4OS,5,1,6,4.518820000000003,388.13578226,28,59.81,0.4681491389399765,0,Media,0.638,0.4125,0.6228997832859539,0.5702998374644654
46347551,N-(4-methoxyphenyl)-2-[1-(3-pyridylmethyl)benzimidazol-2-yl]sulfanyl-acetamide,COC1=CC=C(C=C1)NC(=O)CSC2=NC3=CC=CC=C3N2CC4=CN=CC=C4,C22H20N4O2S,6,1,7,4.219000000000003,404.1306968800001,29,69.03999999999999,0.4200463499420626,0,Media,0.632,0.3975903614457831,0.7047903262470507,0.6279903350467338
76321420,"N-(2-chloro-4-sulfamoyl-phenyl)-2-[1-[(3,5-dimethylphenyl)methyl]benzimidazol-2-yl]sulfanyl-acetamide",CC1=CC(=CC(=C1)CN2C3=CC=CC=C3N=C2SCC(=O)NC4=C(C=C(C=C4)S(=O)(=O)N)Cl)C,C24H23ClN4O3S2,6,2,7,4.7330400000000035,514.0900102759999,34,107.08,0.3175196115054165,1,Media,0.564,0.6,0.7852130170603332,0.7389097627952499
5066130,4-chloro-N-[2-[1-[(2-fluorophenyl)methyl]benzimidazol-2-yl]ethyl]benzamide,C1=CC=C(C(=C1)CN2C3=CC=CC=C3N=C2CCNC(=O)C4=CC=C(C=C4)Cl)F,C23H19ClFN3O,3,1,6,4.849600000000003,407.120068128,29,46.92,0.618073316283035,0,Baja,0.498,0.25,0.7570660514768505,0.6302995386076379
2973467,4-fluoro-N-[2-[1-(o-tolylmethyl)benzimidazol-2-yl]ethyl]benzamide,CC1=CC=CC=C1CN2C3=CC=CC=C3N=C2CCNC(=O)C4=CC=C(C=C4)F,C24H22FN3O,3,1,6,4.504620000000004,387.174690544,29,46.92,0.618073316283035,0,Baja,0.444,0.2247191011235955,0.6791078861504876,0.5655106898937646
